model,dataset,accuracy,mean_latency_ms,train_time_seconds,test_samples
LogisticRegression,sklearn_digits,0.9777777777777777,0.09307450091000646,0.025476700044237077,450
RandomForest,sklearn_digits,0.9644444444444444,4.318833497818559,0.22640030004549772,450
