runtime,model,batch_size,iterations,mean_latency_ms,median_latency_ms,p95_latency_ms,throughput_images_per_second
ONNX Runtime CPU,MobileNetV2,1,50,1.2204059999567107,1.2009499996565864,1.3744000007136492,819.39944578728
ONNX Runtime CPU,MobileNetV2,4,50,3.5578999999961525,3.53240000004007,3.914999999324209,1124.2586919262276
ONNX Runtime CPU,MobileNetV2,8,50,6.18650999995225,6.163049999940995,6.463300000177696,1293.1361947304292
